{"cameraMode":{"drawMode":0,"name":"Shaded","section":"Shading Mode"},"sceneLighting":true,"audioPlay":false,"sceneViewState":{"m_AlwaysRefresh":false,"showFog":true,"showSkybox":true,"showFlares":true,"showImageEffects":true,"showParticleSystems":true,"showVisualEffectGraphs":true,"m_FxEnabled":true},"in2DMode":false,"pivot":{"x":0.29677772521972659,"y":1.1896371841430665,"z":-6.282357215881348},"rotation":{"x":0.22897650301456452,"y":-0.5098411440849304,"z":0.1429211050271988,"w":0.816826343536377},"size":10.435985565185547,"orthographic":false}